<?xml version="1.0"?>
<!--<!DOCTYPE metadata SYSTEM "http://www.esri.com/metadata/esriprof80.dtd">-->
<metadata xml:lang="en"><Esri><CreaDate>20121026</CreaDate><CreaTime>11444000</CreaTime><SyncOnce>FALSE</SyncOnce><SyncDate>20121026</SyncDate><SyncTime>11300200</SyncTime><ModDate>20121026</ModDate><ModTime>11300200</ModTime><DataProperties><lineage><Process ToolSource="C:\Program Files\ArcGIS\ArcToolbox\Toolboxes\Conversion Tools.tbx\FeatureClassToFeatureClass" Date="20121026" Time="112628">FeatureClassToFeatureClass "Database Connections\emr_mgnt@geodrprd.sde\EMR_MGNT.EVACUATION_CENTER" "T:\GIS_ORTHO\Spatial Data\DOITT\Temp\SANDY" EVACUATION_CENTER_CAT1NNE.shp # "EC_ID 'EC_ID' true true false 6 Text 0 0 ,First,#,Database Connections\emr_mgnt@geodrprd.sde\EMR_MGNT.EVACUATION_CENTER,EC_ID,-1,-1;EC_NAME 'EC_NAME' true true false 30 Text 0 0 ,First,#,Database Connections\emr_mgnt@geodrprd.sde\EMR_MGNT.EVACUATION_CENTER,EC_NAME,-1,-1;ADDRESS 'ADDRESS' true true false 254 Text 0 0 ,First,#,Database Connections\emr_mgnt@geodrprd.sde\EMR_MGNT.EVACUATION_CENTER,ADDRESS,-1,-1;CROSS_STR 'CROSS_STR' true true false 100 Text 0 0 ,First,#,Database Connections\emr_mgnt@geodrprd.sde\EMR_MGNT.EVACUATION_CENTER,CROSS_STR,-1,-1;BOROUGH 'BOROUGH' true true false 13 Text 0 0 ,First,#,Database Connections\emr_mgnt@geodrprd.sde\EMR_MGNT.EVACUATION_CENTER,BOROUGH,-1,-1;EC_X_COORD 'EC_X_COORD' true true false 8 Double 0 16 ,First,#,Database Connections\emr_mgnt@geodrprd.sde\EMR_MGNT.EVACUATION_CENTER,EC_X_COORD,-1,-1;EC_Y_COORD 'EC_Y_COORD' true true false 8 Double 0 16 ,First,#,Database Connections\emr_mgnt@geodrprd.sde\EMR_MGNT.EVACUATION_CENTER,EC_Y_COORD,-1,-1;ZOOM_X 'ZOOM_X' true true false 8 Double 11 19 ,First,#,Database Connections\emr_mgnt@geodrprd.sde\EMR_MGNT.EVACUATION_CENTER,ZOOM_X,-1,-1;ZOOM_Y 'ZOOM_Y' true true false 8 Double 11 19 ,First,#,Database Connections\emr_mgnt@geodrprd.sde\EMR_MGNT.EVACUATION_CENTER,ZOOM_Y,-1,-1;ZOOM_WIDTH 'ZOOM_WIDTH' true true false 8 Double 11 19 ,First,#,Database Connections\emr_mgnt@geodrprd.sde\EMR_MGNT.EVACUATION_CENTER,ZOOM_WIDTH,-1,-1" # "T:\GIS_ORTHO\Spatial Data\DOITT\Temp\SANDY\EVACUATION_CENTER_CAT1NNE.shp"</Process></lineage></DataProperties><MetaID>{18DD2F91-BAC0-448B-B933-B26F9CC599FF}</MetaID></Esri><idinfo><native Sync="TRUE">Microsoft Windows XP Version 5.1 (Build 2600) Service Pack 3; ESRI ArcCatalog 9.3.1.4000</native><descript><langdata Sync="TRUE">en</langdata><abstract>REQUIRED: A brief narrative summary of the data set.</abstract><purpose>REQUIRED: A summary of the intentions with which the data set was developed.</purpose></descript><citation><citeinfo><origin>REQUIRED: The name of an organization or individual that developed the data set.</origin><pubdate>REQUIRED: The date when the data set is published or otherwise made available for release.</pubdate><title Sync="TRUE">EVACUATION_CENTER_CAT1NNE</title><ftname Sync="TRUE">EVACUATION_CENTER_CAT1NNE</ftname><geoform Sync="TRUE">vector digital data</geoform><onlink Sync="TRUE">\\doitt.nycnet\gisroot\GIS\Projects\OEM\evac_zones_and_areas_09112012\EVACUATION_CENTER_CAT1NNE</onlink></citeinfo></citation><timeperd><current>REQUIRED: The basis on which the time period of content information is determined.</current><timeinfo><sngdate><caldate>REQUIRED: The year (and optionally month, or month and day) for which the data set corresponds to the ground.</caldate></sngdate></timeinfo></timeperd><status><progress>REQUIRED: The state of the data set.</progress><update>REQUIRED: The frequency with which changes and additions are made to the data set after the initial data set is completed.</update></status><spdom><bounding><westbc Sync="TRUE">-74.192577</westbc><eastbc Sync="TRUE">-73.726359</eastbc><northbc Sync="TRUE">40.888126</northbc><southbc Sync="TRUE">40.527139</southbc></bounding><lboundng><leftbc Sync="TRUE">-8259079.844397</leftbc><rightbc Sync="TRUE">-8207180.716778</rightbc><bottombc Sync="TRUE">4942843.035139</bottombc><topbc Sync="TRUE">4995854.297031</topbc></lboundng></spdom><keywords><theme><themekt>REQUIRED: Reference to a formally registered thesaurus or a similar authoritative source of theme keywords.</themekt><themekey>REQUIRED: Common-use word or phrase used to describe the subject of the data set.</themekey></theme></keywords><accconst>REQUIRED: Restrictions and legal prerequisites for accessing the data set.</accconst><useconst>REQUIRED: Restrictions and legal prerequisites for using the data set after access is granted.</useconst><natvform Sync="TRUE">Shapefile</natvform></idinfo><dataIdInfo><envirDesc Sync="TRUE">Microsoft Windows XP Version 5.1 (Build 2600) Service Pack 3; ESRI ArcCatalog 9.3.1.4000</envirDesc><dataLang><languageCode Sync="TRUE" value="en"></languageCode></dataLang><idCitation><resTitle Sync="TRUE">EVACUATION_CENTER_CAT1NNE</resTitle><presForm><PresFormCd Sync="TRUE" value="005"></PresFormCd></presForm></idCitation><spatRpType><SpatRepTypCd Sync="TRUE" value="001"></SpatRepTypCd></spatRpType><dataExt><geoEle><GeoBndBox esriExtentType="native"><westBL Sync="TRUE">-8259079.844397</westBL><eastBL Sync="TRUE">-8207180.716778</eastBL><northBL Sync="TRUE">4995854.297031</northBL><southBL Sync="TRUE">4942843.035139</southBL><exTypeCode Sync="TRUE">1</exTypeCode></GeoBndBox></geoEle></dataExt><geoBox esriExtentType="decdegrees"><westBL Sync="TRUE">-74.192577</westBL><eastBL Sync="TRUE">-73.726359</eastBL><northBL Sync="TRUE">40.888126</northBL><southBL Sync="TRUE">40.527139</southBL><exTypeCode Sync="TRUE">1</exTypeCode></geoBox></dataIdInfo><metainfo><langmeta Sync="TRUE">en</langmeta><metstdn Sync="TRUE">FGDC Content Standards for Digital Geospatial Metadata</metstdn><metstdv Sync="TRUE">FGDC-STD-001-1998</metstdv><mettc Sync="TRUE">local time</mettc><metc><cntinfo><cntorgp><cntper>REQUIRED: The person responsible for the metadata information.</cntper><cntorg>REQUIRED: The organization responsible for the metadata information.</cntorg></cntorgp><cntaddr><addrtype>REQUIRED: The mailing and/or physical address for the organization or individual.</addrtype><city>REQUIRED: The city of the address.</city><state>REQUIRED: The state or province of the address.</state><postal>REQUIRED: The ZIP or other postal code of the address.</postal></cntaddr><cntvoice>REQUIRED: The telephone number by which individuals can speak to the organization or individual.</cntvoice></cntinfo></metc><metd Sync="TRUE">20121026</metd><metextns><onlink Sync="TRUE">http://www.esri.com/metadata/esriprof80.html</onlink><metprof Sync="TRUE">ESRI Metadata Profile</metprof></metextns></metainfo><mdLang><languageCode Sync="TRUE" value="en"></languageCode></mdLang><mdStanName Sync="TRUE">ISO 19115 Geographic Information - Metadata</mdStanName><mdStanVer Sync="TRUE">DIS_ESRI1.0</mdStanVer><mdChar><CharSetCd Sync="TRUE" value="004"></CharSetCd></mdChar><mdHrLv><ScopeCd Sync="TRUE" value="005"></ScopeCd></mdHrLv><mdHrLvName Sync="TRUE">dataset</mdHrLvName><distinfo><resdesc Sync="TRUE">Downloadable Data</resdesc><stdorder><digform><digtinfo><transize Sync="TRUE">0.002</transize><dssize Sync="TRUE">0.002</dssize></digtinfo></digform></stdorder></distinfo><distInfo><distributor><distorTran><onLineSrc><orDesc Sync="TRUE">002</orDesc><linkage Sync="TRUE">file://\\doitt.nycnet\gisroot\GIS\Projects\OEM\evac_zones_and_areas_09112012\EVACUATION_CENTER_CAT1NNE</linkage><protocol Sync="TRUE">Local Area Network</protocol></onLineSrc><transSize Sync="TRUE">0.002</transSize></distorTran><distorFormat><formatName Sync="TRUE">Shapefile</formatName></distorFormat></distributor></distInfo><spdoinfo><direct Sync="TRUE">Vector</direct><ptvctinf><esriterm Name="EVACUATION_CENTER_CAT1NNE"><efeatyp Sync="TRUE">Simple</efeatyp><efeageom Sync="TRUE">Point</efeageom><esritopo Sync="TRUE">FALSE</esritopo><efeacnt Sync="TRUE">65</efeacnt><spindex Sync="TRUE">TRUE</spindex><linrefer Sync="TRUE">FALSE</linrefer></esriterm><sdtsterm Name="EVACUATION_CENTER_CAT1NNE"><sdtstype Sync="TRUE">Entity point</sdtstype><ptvctcnt Sync="TRUE">65</ptvctcnt></sdtsterm></ptvctinf></spdoinfo><spref><horizsys><cordsysn><geogcsn Sync="TRUE">GCS_WGS_1984</geogcsn><projcsn Sync="TRUE">WGS_1984_Web_Mercator_Auxiliary_Sphere</projcsn></cordsysn><planar><planci><plance Sync="TRUE">coordinate pair</plance><plandu Sync="TRUE">meters</plandu><coordrep><absres Sync="TRUE">0.000000</absres><ordres Sync="TRUE">0.000000</ordres></coordrep></planci><mapproj><mapprojn Sync="TRUE">Mercator_Auxiliary_Sphere</mapprojn><mapprojp><stdparll Sync="TRUE">0.000000</stdparll><longcm Sync="TRUE">0.000000</longcm><feast Sync="TRUE">0.000000</feast><fnorth Sync="TRUE">0.000000</fnorth></mapprojp></mapproj></planar><geodetic><horizdn Sync="TRUE">D_WGS_1984</horizdn><ellips Sync="TRUE">WGS_1984</ellips><semiaxis Sync="TRUE">6378137.000000</semiaxis><denflat Sync="TRUE">298.257224</denflat></geodetic></horizsys><vertdef><altsys><altenc Sync="TRUE">Explicit elevation coordinate included with horizontal coordinates</altenc><altres Sync="TRUE">1.000000</altres></altsys></vertdef></spref><refSysInfo><RefSystem><refSysID><identCode Sync="TRUE">WGS_1984_Web_Mercator_Auxiliary_Sphere</identCode></refSysID></RefSystem></refSysInfo><spatRepInfo><VectSpatRep><topLvl><TopoLevCd Sync="TRUE" value="001"></TopoLevCd></topLvl><geometObjs Name="EVACUATION_CENTER_CAT1NNE"><geoObjTyp><GeoObjTypCd Sync="TRUE" value="004"></GeoObjTypCd></geoObjTyp><geoObjCnt Sync="TRUE">65</geoObjCnt></geometObjs></VectSpatRep></spatRepInfo><eainfo><detailed Name="EVACUATION_CENTER_CAT1NNE"><enttyp><enttypl Sync="TRUE">EVACUATION_CENTER_CAT1NNE</enttypl><enttypt Sync="TRUE">Feature Class</enttypt><enttypc Sync="TRUE">65</enttypc></enttyp><attr><attrlabl Sync="TRUE">FID</attrlabl><attalias Sync="TRUE">FID</attalias><attrtype Sync="TRUE">OID</attrtype><attwidth Sync="TRUE">4</attwidth><atprecis Sync="TRUE">0</atprecis><attscale Sync="TRUE">0</attscale><attrdef Sync="TRUE">Internal feature number.</attrdef><attrdefs Sync="TRUE">ESRI</attrdefs><attrdomv><udom Sync="TRUE">Sequential unique whole numbers that are automatically generated.</udom></attrdomv></attr><attr><attrlabl Sync="TRUE">EC_ID</attrlabl><attalias Sync="TRUE">EC_ID</attalias><attrtype Sync="TRUE">String</attrtype><attwidth Sync="TRUE">6</attwidth></attr><attr><attrlabl Sync="TRUE">EC_NAME</attrlabl><attalias Sync="TRUE">EC_NAME</attalias><attrtype Sync="TRUE">String</attrtype><attwidth Sync="TRUE">30</attwidth></attr><attr><attrlabl Sync="TRUE">ADDRESS</attrlabl><attalias Sync="TRUE">ADDRESS</attalias><attrtype Sync="TRUE">String</attrtype><attwidth Sync="TRUE">254</attwidth></attr><attr><attrlabl Sync="TRUE">CROSS_STR</attrlabl><attalias Sync="TRUE">CROSS_STR</attalias><attrtype Sync="TRUE">String</attrtype><attwidth Sync="TRUE">100</attwidth></attr><attr><attrlabl Sync="TRUE">BOROUGH</attrlabl><attalias Sync="TRUE">BOROUGH</attalias><attrtype Sync="TRUE">String</attrtype><attwidth Sync="TRUE">13</attwidth></attr><attr><attrlabl Sync="TRUE">EC_X_COORD</attrlabl><attalias Sync="TRUE">EC_X_COORD</attalias><attrtype Sync="TRUE">Number</attrtype><attwidth Sync="TRUE">16</attwidth></attr><attr><attrlabl Sync="TRUE">EC_Y_COORD</attrlabl><attalias Sync="TRUE">EC_Y_COORD</attalias><attrtype Sync="TRUE">Number</attrtype><attwidth Sync="TRUE">16</attwidth></attr><attr><attrlabl Sync="TRUE">ZOOM_X</attrlabl><attalias Sync="TRUE">ZOOM_X</attalias><attrtype Sync="TRUE">Number</attrtype><attwidth Sync="TRUE">19</attwidth><atnumdec Sync="TRUE">11</atnumdec></attr><attr><attrlabl Sync="TRUE">ZOOM_Y</attrlabl><attalias Sync="TRUE">ZOOM_Y</attalias><attrtype Sync="TRUE">Number</attrtype><attwidth Sync="TRUE">19</attwidth><atnumdec Sync="TRUE">11</atnumdec></attr><attr><attrlabl Sync="TRUE">ZOOM_WIDTH</attrlabl><attalias Sync="TRUE">ZOOM_WIDTH</attalias><attrtype Sync="TRUE">Number</attrtype><attwidth Sync="TRUE">19</attwidth><atnumdec Sync="TRUE">11</atnumdec></attr><attr><attrlabl Sync="TRUE">SHAPE</attrlabl><attalias Sync="TRUE">Shape</attalias><attrtype Sync="TRUE">Geometry</attrtype><attwidth Sync="TRUE">0</attwidth><atprecis Sync="TRUE">0</atprecis><attscale Sync="TRUE">0</attscale><attrdef Sync="TRUE">Feature geometry.</attrdef><attrdefs Sync="TRUE">ESRI</attrdefs><attrdomv><udom Sync="TRUE">Coordinates defining the features.</udom></attrdomv></attr></detailed></eainfo><mdDateSt Sync="TRUE">20121026</mdDateSt><dataqual><lineage><procstep><procdesc Sync="TRUE">Dataset copied.</procdesc><srcused Sync="TRUE">T:\GIS_ORTHO\Spatial Data\DOITT\Temp\SANDY\EVACUATION_CENTER_CAT1NNE</srcused><procdate Sync="TRUE">20121026</procdate><proctime Sync="TRUE">11444000</proctime></procstep></lineage></dataqual></metadata>
