<?xml version="1.0"?>
<!--<!DOCTYPE metadata SYSTEM "http://www.esri.com/metadata/esriprof80.dtd">-->
<metadata xml:lang="en"><Esri><CreaDate>20121026</CreaDate><CreaTime>11445000</CreaTime><SyncOnce>FALSE</SyncOnce><SyncDate>20121026</SyncDate><SyncTime>11295300</SyncTime><ModDate>20121026</ModDate><ModTime>11295300</ModTime><DataProperties><lineage><Process ToolSource="C:\Program Files\ArcGIS\ArcToolbox\Toolboxes\Conversion Tools.tbx\FeatureClassToFeatureClass" Date="20121025" Time="140656">FeatureClassToFeatureClass conn\emr_mgnt@geotst.sde\EMR_MGNT.EVACUATION_ZONE conn\emr_mgnt@geodev.sde EVACUATION_ZONE_TMP # "ZONE 'ZONE' true true false 8 Text 0 0 ,First,#,conn\emr_mgnt@geotst.sde\EMR_MGNT.EVACUATION_ZONE,ZONE,-1,-1;LABEL 'LABEL' true true false 125 Text 0 0 ,First,#,conn\emr_mgnt@geotst.sde\EMR_MGNT.EVACUATION_ZONE,LABEL,-1,-1;SHAPE_AREA 'SHAPE_AREA' false false true 0 Double 0 0 ,First,#,conn\emr_mgnt@geotst.sde\EMR_MGNT.EVACUATION_ZONE,SHAPE.AREA,-1,-1;SHAPE_LEN 'SHAPE_LEN' false false true 0 Double 0 0 ,First,#,conn\emr_mgnt@geotst.sde\EMR_MGNT.EVACUATION_ZONE,SHAPE.LEN,-1,-1" SDO_NOTUNI conn\emr_mgnt@geodev.sde\EMR_MGNT.EVACUATION_ZONE_TMP</Process><Process ToolSource="C:\Program Files\ArcGIS\ArcToolbox\Toolboxes\Conversion Tools.tbx\FeatureClassToFeatureClass" Date="20121025" Time="151519">FeatureClassToFeatureClass conn\emr_mgnt@geodev.sde\EMR_MGNT.EVACUATION_ZONE conn\emr_mgnt@geositea.sde EVACUATION_ZONE_TMP # "ZONE 'ZONE' true true false 8 Text 0 0 ,First,#,conn\emr_mgnt@geodev.sde\EMR_MGNT.EVACUATION_ZONE,ZONE,-1,-1;LABEL 'LABEL' true true false 125 Text 0 0 ,First,#,conn\emr_mgnt@geodev.sde\EMR_MGNT.EVACUATION_ZONE,LABEL,-1,-1;SE_ANNO_CAD_DATA 'SE_ANNO_CAD_DATA' true true false 0 Blob 0 0 ,First,#,conn\emr_mgnt@geodev.sde\EMR_MGNT.EVACUATION_ZONE,SE_ANNO_CAD_DATA,-1,-1;SHAPE_AREA 'SHAPE_AREA' false false true 0 Double 0 0 ,First,#,conn\emr_mgnt@geodev.sde\EMR_MGNT.EVACUATION_ZONE,SHAPE.AREA,-1,-1;SHAPE_LEN 'SHAPE_LEN' false false true 0 Double 0 0 ,First,#,conn\emr_mgnt@geodev.sde\EMR_MGNT.EVACUATION_ZONE,SHAPE.LEN,-1,-1" SDO_NOTUNI conn\emr_mgnt@geositea.sde\EMR_MGNT.EVACUATION_ZONE_TMP</Process><Process ToolSource="C:\Program Files\ArcGIS\ArcToolbox\Toolboxes\Conversion Tools.tbx\FeatureClassToFeatureClass" Date="20121026" Time="112913">FeatureClassToFeatureClass "Database Connections\emr_mgnt@geodrprd.sde\EMR_MGNT.EVACUATION_ZONE" "T:\GIS_ORTHO\Spatial Data\DOITT\Temp\SANDY" EVACUATION_ZONE_CAT1NNE.shp # "ZONE 'ZONE' true true false 8 Text 0 0 ,First,#,Database Connections\emr_mgnt@geodrprd.sde\EMR_MGNT.EVACUATION_ZONE,ZONE,-1,-1;LABEL 'LABEL' true true false 125 Text 0 0 ,First,#,Database Connections\emr_mgnt@geodrprd.sde\EMR_MGNT.EVACUATION_ZONE,LABEL,-1,-1;SHAPE_AREA 'SHAPE_AREA' false false true 0 Double 0 0 ,First,#,Database Connections\emr_mgnt@geodrprd.sde\EMR_MGNT.EVACUATION_ZONE,SHAPE.AREA,-1,-1;SHAPE_LEN 'SHAPE_LEN' false false true 0 Double 0 0 ,First,#,Database Connections\emr_mgnt@geodrprd.sde\EMR_MGNT.EVACUATION_ZONE,SHAPE.LEN,-1,-1" # "T:\GIS_ORTHO\Spatial Data\DOITT\Temp\SANDY\EVACUATION_ZONE_CAT1NNE.shp"</Process></lineage></DataProperties><MetaID>{F77ACDA4-C024-462A-A56A-1311CA33B893}</MetaID></Esri><idinfo><native Sync="TRUE">Microsoft Windows XP Version 5.1 (Build 2600) Service Pack 3; ESRI ArcCatalog 9.3.1.4000</native><descript><langdata Sync="TRUE">en</langdata><abstract>REQUIRED: A brief narrative summary of the data set.</abstract><purpose>REQUIRED: A summary of the intentions with which the data set was developed.</purpose></descript><citation><citeinfo><origin>REQUIRED: The name of an organization or individual that developed the data set.</origin><pubdate>REQUIRED: The date when the data set is published or otherwise made available for release.</pubdate><title Sync="TRUE">EVACUATION_ZONE_CAT1NNE</title><ftname Sync="TRUE">EVACUATION_ZONE_CAT1NNE</ftname><geoform Sync="TRUE">vector digital data</geoform><onlink Sync="TRUE">\\doitt.nycnet\gisroot\GIS\Projects\OEM\evac_zones_and_areas_09112012\EVACUATION_ZONE_CAT1NNE</onlink></citeinfo></citation><timeperd><current>REQUIRED: The basis on which the time period of content information is determined.</current><timeinfo><sngdate><caldate>REQUIRED: The year (and optionally month, or month and day) for which the data set corresponds to the ground.</caldate></sngdate></timeinfo></timeperd><status><progress>REQUIRED: The state of the data set.</progress><update>REQUIRED: The frequency with which changes and additions are made to the data set after the initial data set is completed.</update></status><spdom><bounding><westbc Sync="TRUE">-74.255548</westbc><eastbc Sync="TRUE">-73.700009</eastbc><northbc Sync="TRUE">40.915774</northbc><southbc Sync="TRUE">40.496318</southbc></bounding><lboundng><leftbc Sync="TRUE">-8266089.764766</leftbc><rightbc Sync="TRUE">-8204247.479522</rightbc><bottombc Sync="TRUE">4938330.107429</bottombc><topbc Sync="TRUE">4999926.264886</topbc></lboundng></spdom><keywords><theme><themekt>REQUIRED: Reference to a formally registered thesaurus or a similar authoritative source of theme keywords.</themekt><themekey>REQUIRED: Common-use word or phrase used to describe the subject of the data set.</themekey></theme></keywords><accconst>REQUIRED: Restrictions and legal prerequisites for accessing the data set.</accconst><useconst>REQUIRED: Restrictions and legal prerequisites for using the data set after access is granted.</useconst><natvform Sync="TRUE">Shapefile</natvform></idinfo><dataIdInfo><envirDesc Sync="TRUE">Microsoft Windows XP Version 5.1 (Build 2600) Service Pack 3; ESRI ArcCatalog 9.3.1.4000</envirDesc><dataLang><languageCode Sync="TRUE" value="en"></languageCode></dataLang><idCitation><resTitle Sync="TRUE">EVACUATION_ZONE_CAT1NNE</resTitle><presForm><PresFormCd Sync="TRUE" value="005"></PresFormCd></presForm></idCitation><spatRpType><SpatRepTypCd Sync="TRUE" value="001"></SpatRepTypCd></spatRpType><dataExt><geoEle><GeoBndBox esriExtentType="native"><westBL Sync="TRUE">-8266089.764766</westBL><eastBL Sync="TRUE">-8204247.479522</eastBL><northBL Sync="TRUE">4999926.264886</northBL><southBL Sync="TRUE">4938330.107429</southBL><exTypeCode Sync="TRUE">1</exTypeCode></GeoBndBox></geoEle></dataExt><geoBox esriExtentType="decdegrees"><westBL Sync="TRUE">-74.255548</westBL><eastBL Sync="TRUE">-73.700009</eastBL><northBL Sync="TRUE">40.915774</northBL><southBL Sync="TRUE">40.496318</southBL><exTypeCode Sync="TRUE">1</exTypeCode></geoBox></dataIdInfo><metainfo><langmeta Sync="TRUE">en</langmeta><metstdn Sync="TRUE">FGDC Content Standards for Digital Geospatial Metadata</metstdn><metstdv Sync="TRUE">FGDC-STD-001-1998</metstdv><mettc Sync="TRUE">local time</mettc><metc><cntinfo><cntorgp><cntper>REQUIRED: The person responsible for the metadata information.</cntper><cntorg>REQUIRED: The organization responsible for the metadata information.</cntorg></cntorgp><cntaddr><addrtype>REQUIRED: The mailing and/or physical address for the organization or individual.</addrtype><city>REQUIRED: The city of the address.</city><state>REQUIRED: The state or province of the address.</state><postal>REQUIRED: The ZIP or other postal code of the address.</postal></cntaddr><cntvoice>REQUIRED: The telephone number by which individuals can speak to the organization or individual.</cntvoice></cntinfo></metc><metd Sync="TRUE">20121026</metd><metextns><onlink Sync="TRUE">http://www.esri.com/metadata/esriprof80.html</onlink><metprof Sync="TRUE">ESRI Metadata Profile</metprof></metextns></metainfo><mdLang><languageCode Sync="TRUE" value="en"></languageCode></mdLang><mdStanName Sync="TRUE">ISO 19115 Geographic Information - Metadata</mdStanName><mdStanVer Sync="TRUE">DIS_ESRI1.0</mdStanVer><mdChar><CharSetCd Sync="TRUE" value="004"></CharSetCd></mdChar><mdHrLv><ScopeCd Sync="TRUE" value="005"></ScopeCd></mdHrLv><mdHrLvName Sync="TRUE">dataset</mdHrLvName><distinfo><resdesc Sync="TRUE">Downloadable Data</resdesc><stdorder><digform><digtinfo><transize Sync="TRUE">3.703</transize><dssize Sync="TRUE">3.703</dssize></digtinfo></digform></stdorder></distinfo><distInfo><distributor><distorTran><onLineSrc><orDesc Sync="TRUE">002</orDesc><linkage Sync="TRUE">file://\\doitt.nycnet\gisroot\GIS\Projects\OEM\evac_zones_and_areas_09112012\EVACUATION_ZONE_CAT1NNE</linkage><protocol Sync="TRUE">Local Area Network</protocol></onLineSrc><transSize Sync="TRUE">3.703</transSize></distorTran><distorFormat><formatName Sync="TRUE">Shapefile</formatName></distorFormat></distributor></distInfo><spdoinfo><direct Sync="TRUE">Vector</direct><ptvctinf><esriterm Name="EVACUATION_ZONE_CAT1NNE"><efeatyp Sync="TRUE">Simple</efeatyp><efeageom Sync="TRUE">Polygon</efeageom><esritopo Sync="TRUE">FALSE</esritopo><efeacnt Sync="TRUE">165</efeacnt><spindex Sync="TRUE">TRUE</spindex><linrefer Sync="TRUE">FALSE</linrefer></esriterm><sdtsterm Name="EVACUATION_ZONE_CAT1NNE"><sdtstype Sync="TRUE">G-polygon</sdtstype><ptvctcnt Sync="TRUE">165</ptvctcnt></sdtsterm></ptvctinf></spdoinfo><spref><horizsys><cordsysn><geogcsn Sync="TRUE">GCS_WGS_1984</geogcsn><projcsn Sync="TRUE">WGS_1984_Web_Mercator_Auxiliary_Sphere</projcsn></cordsysn><planar><planci><plance Sync="TRUE">coordinate pair</plance><plandu Sync="TRUE">meters</plandu><coordrep><absres Sync="TRUE">0.000000</absres><ordres Sync="TRUE">0.000000</ordres></coordrep></planci><mapproj><mapprojn Sync="TRUE">Mercator_Auxiliary_Sphere</mapprojn><mapprojp><stdparll Sync="TRUE">0.000000</stdparll><longcm Sync="TRUE">0.000000</longcm><feast Sync="TRUE">0.000000</feast><fnorth Sync="TRUE">0.000000</fnorth></mapprojp></mapproj></planar><geodetic><horizdn Sync="TRUE">D_WGS_1984</horizdn><ellips Sync="TRUE">WGS_1984</ellips><semiaxis Sync="TRUE">6378137.000000</semiaxis><denflat Sync="TRUE">298.257224</denflat></geodetic></horizsys><vertdef><altsys><altenc Sync="TRUE">Explicit elevation coordinate included with horizontal coordinates</altenc><altres Sync="TRUE">1.000000</altres></altsys></vertdef></spref><refSysInfo><RefSystem><refSysID><identCode Sync="TRUE">WGS_1984_Web_Mercator_Auxiliary_Sphere</identCode></refSysID></RefSystem></refSysInfo><spatRepInfo><VectSpatRep><topLvl><TopoLevCd Sync="TRUE" value="001"></TopoLevCd></topLvl><geometObjs Name="EVACUATION_ZONE_CAT1NNE"><geoObjTyp><GeoObjTypCd Sync="TRUE" value="001"></GeoObjTypCd></geoObjTyp><geoObjCnt Sync="TRUE">165</geoObjCnt></geometObjs></VectSpatRep></spatRepInfo><eainfo><detailed Name="EVACUATION_ZONE_CAT1NNE"><enttyp><enttypl Sync="TRUE">EVACUATION_ZONE_CAT1NNE</enttypl><enttypt Sync="TRUE">Feature Class</enttypt><enttypc Sync="TRUE">165</enttypc></enttyp><attr><attrlabl Sync="TRUE">FID</attrlabl><attalias Sync="TRUE">FID</attalias><attrtype Sync="TRUE">OID</attrtype><attwidth Sync="TRUE">4</attwidth><atprecis Sync="TRUE">0</atprecis><attscale Sync="TRUE">0</attscale><attrdef Sync="TRUE">Internal feature number.</attrdef><attrdefs Sync="TRUE">ESRI</attrdefs><attrdomv><udom Sync="TRUE">Sequential unique whole numbers that are automatically generated.</udom></attrdomv></attr><attr><attrlabl Sync="TRUE">ZONE</attrlabl><attalias Sync="TRUE">ZONE</attalias><attrtype Sync="TRUE">String</attrtype><attwidth Sync="TRUE">8</attwidth></attr><attr><attrlabl Sync="TRUE">LABEL</attrlabl><attalias Sync="TRUE">LABEL</attalias><attrtype Sync="TRUE">String</attrtype><attwidth Sync="TRUE">125</attwidth></attr><attr><attrlabl Sync="TRUE">SHAPE</attrlabl><attalias Sync="TRUE">Shape</attalias><attrtype Sync="TRUE">Geometry</attrtype><attwidth Sync="TRUE">0</attwidth><atprecis Sync="TRUE">0</atprecis><attscale Sync="TRUE">0</attscale><attrdef Sync="TRUE">Feature geometry.</attrdef><attrdefs Sync="TRUE">ESRI</attrdefs><attrdomv><udom Sync="TRUE">Coordinates defining the features.</udom></attrdomv></attr><attr><attrlabl Sync="TRUE">SHAPE_AREA</attrlabl><attalias Sync="TRUE">SHAPE_AREA</attalias><attrtype Sync="TRUE">Float</attrtype><attwidth Sync="TRUE">19</attwidth><attrdef Sync="TRUE">Area of feature in internal units squared.</attrdef><attrdefs Sync="TRUE">ESRI</attrdefs><attrdomv><udom Sync="TRUE">Positive real numbers that are automatically generated.</udom></attrdomv><atnumdec Sync="TRUE">11</atnumdec></attr><attr><attrlabl Sync="TRUE">SHAPE_LEN</attrlabl><attalias Sync="TRUE">SHAPE_LEN</attalias><attrtype Sync="TRUE">Float</attrtype><attwidth Sync="TRUE">19</attwidth><atnumdec Sync="TRUE">11</atnumdec></attr></detailed></eainfo><mdDateSt Sync="TRUE">20121026</mdDateSt><dataqual><lineage><procstep><procdesc Sync="TRUE">Dataset copied.</procdesc><srcused Sync="TRUE">T:\GIS_ORTHO\Spatial Data\DOITT\Temp\SANDY\EVACUATION_ZONE_CAT1NNE</srcused><procdate Sync="TRUE">20121026</procdate><proctime Sync="TRUE">11445000</proctime></procstep></lineage></dataqual></metadata>
